Weapon_ID,Weapon_Type,Attack_Type,Damage_Min,Damage_Max,Defense_Min,Defense_Max,Require_STR,Require_DEX,Require_INT,Damage_Growth_STR,Damage_Growth_DEX,Damage_Growth_INT,CastingTime,Ability1,Ability2,Ability3,Projectile_ID
10001,0,0,200,320,50,100,10,5,0,4,2,0,0,1002,,,
10002,0,0,140,260,50,100,0,0,0,3,0,0,0,1003,,,
10003,1,0,300,450,100,220,8,10,0,2,4,0,0,1001,,,11002
10004,1,0,300,440,120,230,5,15,0,2,3,0,0,1004,,,11002
10005,0,2,100,230,80,90,3,3,3,2,2,2,0.9,,,,
10006,2,1,550,710,200,300,0,10,30,0,3,4,1,,,,11005
10007,2,1,480,800,180,250,0,8,35,0,2,6,0,,,,
90001,1,0,,,,,,,,,,,0,,,,91001
90002,0,0,,,,,,,,,,,0,,,,
